<?xml version="1.0" encoding="UTF-8"?>
<serviceGroup>
    <service name="WorkOrderServicePort">
        <messageReceivers>
            <messageReceiver mep="http://www.w3.org/ns/wsdl/in-out" class="hk.com.mtr.mmis.ws.WorkOrderServicePortMessageReceiverInOut"/>
        </messageReceivers>
        <parameter name="ServiceClass">hk.com.mtr.mmis.ws.WorkOrderServicePortSkeleton</parameter>
        <parameter name="useOriginalwsdl">false</parameter>
        <parameter name="modifyUserWSDLPortAddress">true</parameter>
        <operation name="retrieveWorkOrder" mep="http://www.w3.org/ns/wsdl/in-out" namespace="http://ws.mmis.mtr.com.hk/">
            <actionMapping>http://ws.mmis.mtr.com.hk/:retrieveWorkOrderIn</actionMapping>
            <outputActionMapping>http://ws.mmis.mtr.com.hk/WorkOrderServiceInterface/retrieveWorkOrderResponse</outputActionMapping>
            <faultActionMapping faultName="WorkOrderException">http://ws.mmis.mtr.com.hk/WorkOrderServiceInterface/retrieveWorkOrder/Fault/WorkOrderException</faultActionMapping>
        </operation>
        <operation name="retrieveWorkOrderList" mep="http://www.w3.org/ns/wsdl/in-out" namespace="http://ws.mmis.mtr.com.hk/">
            <actionMapping>http://ws.mmis.mtr.com.hk/:retrieveWorkOrderListIn</actionMapping>
            <outputActionMapping>http://ws.mmis.mtr.com.hk/WorkOrderServiceInterface/retrieveWorkOrderListResponse</outputActionMapping>
            <faultActionMapping faultName="WorkOrderException">http://ws.mmis.mtr.com.hk/WorkOrderServiceInterface/retrieveWorkOrderList/Fault/WorkOrderException</faultActionMapping>
        </operation>
    </service>
</serviceGroup>
